doi,title,publisher,status,records_count,material_mentions_count,protein_mentions_count,special_fields_count,source_json,curation_decision,curation_reason,error_message
10.1002/1097-4628(20000801)77:5<1037::AID-APP10>3.0.CO;2-G,The effect of gel composition on the uranyl ions adsorption capacity of poly(N-vinyl 2-pyrrolidone-g-citric acid) hydrogels prepared by gamma rays,Wiley,partial,0,7,0,3,local_article_corpus/Wiley/10.1002_1097-4628(20000801)77_5_1037__AID-APP10_3.0.CO;2-G/10.1002_1097-4628(20000801)77_5_1037__AID-APP10_3.0.CO;2-G.json,exclude_no_records,No adsorption records were extracted; retain source metadata for traceability.,
10.1002/1097-4628(20001213)78:12<2219::AID-APP200>3.0.CO;2-X,"Effect of pH, ionic strength, and temperature on uranyl ion adsorption by poly(N-vinyl 2-pyrrolidone-g-tartaric acid) hydrogels",Wiley,partial,0,7,0,3,local_article_corpus/Wiley/10.1002_1097-4628(20001213)78_12_2219__AID-APP200_3.0.CO;2-X/10.1002_1097-4628(20001213)78_12_2219__AID-APP200_3.0.CO;2-X.json,exclude_no_records,No adsorption records were extracted; retain source metadata for traceability.,
10.1002/1097-4628(20010307)79:10<1809::AID-APP90>3.0.CO;2-L,Use of superswelling acrylamide/maleic acid hydrogels for monovalent cationic dye adsorption,Wiley,partial,0,9,1,2,local_article_corpus/Wiley/10.1002_1097-4628(20010307)79_10_1809__AID-APP90_3.0.CO;2-L/10.1002_1097-4628(20010307)79_10_1809__AID-APP90_3.0.CO;2-L.json,exclude_no_records,No adsorption records were extracted; retain source metadata for traceability.,
10.1002/1521-3935(20010101)202:1<163::AID-MACP163>3.0.CO;2-M,"The Synthesis, Characterization and Molecular Recognition Properties of Imprinted Microgels",Wiley,partial,0,1,0,2,local_article_corpus/Wiley/10.1002_1521-3935(20010101)202_1_163__AID-MACP163_3.0.CO;2-M/10.1002_1521-3935(20010101)202_1_163__AID-MACP163_3.0.CO;2-M.json,exclude_no_records,No adsorption records were extracted; retain source metadata for traceability.,
10.1002/adbi.201800312,Optoregulated Protein Release from an Engineered Living Material,Wiley,partial,0,7,2,3,local_article_corpus/Wiley/10.1002_adbi.201800312/10.1002_adbi.201800312.json,exclude_no_records,No adsorption records were extracted; retain source metadata for traceability.,
10.1002/adfm.201702955,"Protein Biophosphors: Biodegradable, Multifunctional, Protein-Based Hydrogel for White Emission, Sensing, and pH Detection",Wiley,partial,0,6,3,3,local_article_corpus/Wiley/10.1002_adfm.201702955/10.1002_adfm.201702955.json,exclude_no_records,No adsorption records were extracted; retain source metadata for traceability.,
10.1002/adfm.201900518,Construction of Nanozyme-Hydrogel for Enhanced Capture and Elimination of Bacteria,Wiley,partial,0,9,2,2,local_article_corpus/Wiley/10.1002_adfm.201900518/10.1002_adfm.201900518.json,exclude_no_records,No adsorption records were extracted; retain source metadata for traceability.,
10.1002/adfm.202108135,Nature Sunflower Stalk Pith with Zwitterionic Hydrogel Coating for Highly Efficient and Sustainable Solar Evaporation,Wiley,partial,0,6,0,2,local_article_corpus/Wiley/10.1002_adfm.202108135/10.1002_adfm.202108135.json,exclude_no_records,No adsorption records were extracted; retain source metadata for traceability.,
10.1002/adfm.202424994,Self-Regenerating Zwitterionic Hydrogel Coating Modified by Metal-Organic Framework for Integrated Anti-Biofouling and Anti-Corrosion,Wiley,partial,0,14,0,4,local_article_corpus/Wiley/10.1002_adfm.202424994/10.1002_adfm.202424994.json,exclude_no_records,No adsorption records were extracted; retain source metadata for traceability.,
10.1002/adfm.202513931,Harnessing Non-Covalent Protein-Protein Interaction Domains for Production of Biocatalytic Materials Systems,Wiley,partial,0,9,3,2,local_article_corpus/Wiley/10.1002_adfm.202513931/10.1002_adfm.202513931.json,exclude_no_records,No adsorption records were extracted; retain source metadata for traceability.,
10.1002/adfm.202519196,Generating Cell Surface Nucleated Hydrogels with an Artificial Membrane-Binding Transglutaminase,Wiley,partial,0,8,6,3,local_article_corpus/Wiley/10.1002_adfm.202519196/10.1002_adfm.202519196.json,exclude_no_records,No adsorption records were extracted; retain source metadata for traceability.,
10.1002/adma.202102994,Molecular Engineering of Hydrogels for Rapid Water Disinfection and Sustainable Solar Vapor Generation,Wiley,partial,0,12,2,3,local_article_corpus/Wiley/10.1002_adma.202102994/10.1002_adma.202102994.json,exclude_no_records,No adsorption records were extracted; retain source metadata for traceability.,
10.1002/admi.201601039,The Tethered Fibrillar Hydrogels Brushes for Underwater Antifouling,Wiley,partial,0,10,0,2,local_article_corpus/Wiley/10.1002_admi.201601039/10.1002_admi.201601039.json,exclude_no_records,No adsorption records were extracted; retain source metadata for traceability.,
10.1002/admt.201800384,Direct Micropatterning of Phase Separation Membranes Using Hydrogel Soft Lithography,Wiley,partial,0,6,1,3,local_article_corpus/Wiley/10.1002_admt.201800384/10.1002_admt.201800384.json,exclude_no_records,No adsorption records were extracted; retain source metadata for traceability.,
10.1002/anie.202002331,Nanogel Multienzyme Mimics Synthesized by Biocatalytic ATRP and Metal Coordination for Bioresponsive Fluorescence Imaging,Wiley,partial,0,6,3,3,local_article_corpus/Wiley/10.1002_anie.202002331/10.1002_anie.202002331.json,exclude_no_records,No adsorption records were extracted; retain source metadata for traceability.,
10.1002/anie.202108847,Diarylethene-Based Photoswitchable Inhibitors of Serine Proteases,Wiley,partial,0,5,4,1,local_article_corpus/Wiley/10.1002_anie.202108847/10.1002_anie.202108847.json,exclude_no_records,No adsorption records were extracted; retain source metadata for traceability.,
10.1002/app.29216,Preparation of comb-type grafted hydrogels composed of polyacrylamide and chitosan and their use for DNA adsorption,Wiley,partial,0,10,2,2,local_article_corpus/Wiley/10.1002_app.29216/10.1002_app.29216.json,exclude_no_records,No adsorption records were extracted; retain source metadata for traceability.,
10.1002/app.31505,Preparation and characterization of metal-chelated poly(HEMA-MAH) monolithic cryogels and their use for DNA adsorption,Wiley,partial,0,9,3,3,local_article_corpus/Wiley/10.1002_app.31505/10.1002_app.31505.json,exclude_no_records,No adsorption records were extracted; retain source metadata for traceability.,
10.1002/app.36660,Effect of magnetization on the gel structure and protein electrophoresis in polyacrylamide hydrogel nanocomposites,Wiley,partial,0,9,2,4,local_article_corpus/Wiley/10.1002_app.36660/10.1002_app.36660.json,exclude_no_records,No adsorption records were extracted; retain source metadata for traceability.,
10.1002/app.40946,Thermoresponsive hydrogels from BSA esterified with low molecular weight PEG,Wiley,partial,0,5,2,3,local_article_corpus/Wiley/10.1002_app.40946/10.1002_app.40946.json,exclude_no_records,No adsorption records were extracted; retain source metadata for traceability.,
10.1002/app.52236,Detection of o-nitro aniline by bovine serum albumin based self-fluorescent hydrogel via FRET process,Wiley,partial,0,9,1,2,local_article_corpus/Wiley/10.1002_app.52236/10.1002_app.52236.json,exclude_no_records,No adsorption records were extracted; retain source metadata for traceability.,
10.1002/bit.27002,Enzyme-mediated hydrogel encapsulation of single cells for high-throughput screening and directed evolution of oxidoreductases,Wiley,partial,0,9,3,2,local_article_corpus/Wiley/10.1002_bit.27002/10.1002_bit.27002.json,exclude_no_records,No adsorption records were extracted; retain source metadata for traceability.,
10.1002/bmc.2954,Hydrophobic cryogels for DNA adsorption: Effect of embedding of monosize microbeads into cryogel network on their adsorptive performances,Wiley,partial,0,13,0,4,local_article_corpus/Wiley/10.1002_bmc.2954/10.1002_bmc.2954.json,exclude_no_records,No adsorption records were extracted; retain source metadata for traceability.,
10.1002/chem.200800675,The First Example of Molecularly Imprinted Nanogels with Aldolase Type I Activity,Wiley,partial,0,9,1,3,local_article_corpus/Wiley/10.1002_chem.200800675/10.1002_chem.200800675.json,exclude_no_records,No adsorption records were extracted; retain source metadata for traceability.,
10.1002/chem.201002747,Tuning Molecular Recognition in Water-Soluble Nanogels with Enzyme-Like Activity for the Kemp Elimination,Wiley,partial,0,10,1,1,local_article_corpus/Wiley/10.1002_chem.201002747/10.1002_chem.201002747.json,exclude_no_records,No adsorption records were extracted; retain source metadata for traceability.,
10.1002/cjce.25088,Synthesis of hydrogels from fractionated proteins of Moringa oleifera Lam. seeds for the treatment of water contaminated with black reactive dye 5,Wiley,partial,0,12,2,1,local_article_corpus/Wiley/10.1002_cjce.25088/10.1002_cjce.25088.json,exclude_no_records,No adsorption records were extracted; retain source metadata for traceability.,
10.1002/ecj.11960,Development of Element Technology for 1 STEP Biomarker Protein Analysis Device Using Silver Nanoparticle-Contained Hydrogel and Reagent-Immobilized Cartridge,Wiley,partial,0,12,5,4,local_article_corpus/Wiley/10.1002_ecj.11960/10.1002_ecj.11960.json,exclude_no_records,No adsorption records were extracted; retain source metadata for traceability.,
10.1002/jbm.a.10062,Macroporous poly(N-isopropylacrylamide) hydrogels with fast response rates and improved protein release properties,Wiley,partial,0,6,1,3,local_article_corpus/Wiley/10.1002_jbm.a.10062/10.1002_jbm.a.10062.json,exclude_no_records,No adsorption records were extracted; retain source metadata for traceability.,
10.1002/jbm.a.32648,"In vitro uptake of amphiphilic, hydrogel nanoparticles by J774A.1 cells",Wiley,partial,0,10,2,2,local_article_corpus/Wiley/10.1002_jbm.a.32648/10.1002_jbm.a.32648.json,exclude_no_records,No adsorption records were extracted; retain source metadata for traceability.,
10.1002/jbm.a.36187,Sustained release of multicomponent platelet-rich plasma proteins from hydrolytically degradable PEG hydrogels,Wiley,partial,0,6,10,3,local_article_corpus/Wiley/10.1002_jbm.a.36187/10.1002_jbm.a.36187.json,exclude_no_records,No adsorption records were extracted; retain source metadata for traceability.,
10.1002/jbm.b.33278,Wear effects on microscopic morphology and hyaluronan uptake in siloxane-hydrogel contact lenses,Wiley,partial,0,5,0,3,local_article_corpus/Wiley/10.1002_jbm.b.33278/10.1002_jbm.b.33278.json,exclude_no_records,No adsorption records were extracted; retain source metadata for traceability.,
10.1002/jmr.2584,Poly(ethylene glycol acrylate)-functionalized hydrogels for heparan sulfate oligosaccharide recognition,Wiley,partial,0,6,2,2,local_article_corpus/Wiley/10.1002_jmr.2584/10.1002_jmr.2584.json,exclude_no_records,No adsorption records were extracted; retain source metadata for traceability.,
10.1002/jmr.693,Affinity binding of cells to cryogel adsorbents with immobilized specific ligands: effect of ligand coupling and matrix architecture†,Wiley,partial,0,4,3,4,local_article_corpus/Wiley/10.1002_jmr.693/10.1002_jmr.693.json,exclude_no_records,No adsorption records were extracted; retain source metadata for traceability.,
10.1002/jssc.200301697,Topographical properties of polymer films deposited in capillaries for electrophoretic separations of large organic molecules,Wiley,partial,0,8,2,2,local_article_corpus/Wiley/10.1002_jssc.200301697/10.1002_jssc.200301697.json,exclude_no_records,No adsorption records were extracted; retain source metadata for traceability.,
10.1002/mabi.200700176,MMTCA Recognition by Molecular Imprinting in Interpenetrating Polymer Network Hydrogels Based on Poly(acrylic acid) and Poly(vinyl alcohol),Wiley,partial,0,13,0,2,local_article_corpus/Wiley/10.1002_mabi.200700176/10.1002_mabi.200700176.json,exclude_no_records,No adsorption records were extracted; retain source metadata for traceability.,
10.1002/mabi.202000126,Nanoscopic Characterization of Stearic Acid Release from Bovine Serum Albumin Hydrogels,Wiley,partial,0,5,2,2,local_article_corpus/Wiley/10.1002_mabi.202000126/10.1002_mabi.202000126.json,exclude_no_records,No adsorption records were extracted; retain source metadata for traceability.,
10.1002/mabi.202200487,Tuning Human Serum Albumin (HSA) Hydrogels through Albumin Glycation,Wiley,partial,0,6,1,3,local_article_corpus/Wiley/10.1002_mabi.202200487/10.1002_mabi.202200487.json,exclude_no_records,No adsorption records were extracted; retain source metadata for traceability.,
10.1002/macp.201000382,"Thermoresponsive Copolymer Cryogel Possessing Molecular Memory: Synthesis, Energetics of Collapse and Interaction with Ligands",Wiley,partial,0,7,0,2,local_article_corpus/Wiley/10.1002_macp.201000382/10.1002_macp.201000382.json,exclude_no_records,No adsorption records were extracted; retain source metadata for traceability.,
10.1002/macp.201700504,Protein/Polysaccharide-Based Hydrogels Prepared by Vapor-Induced Phase Separation,Wiley,partial,0,7,2,3,local_article_corpus/Wiley/10.1002_macp.201700504/10.1002_macp.201700504.json,exclude_no_records,No adsorption records were extracted; retain source metadata for traceability.,
10.1002/macp.202100285,Lignin-Based Microgels by Inverse Suspension Polymerization: Syntheses and Dye Removal,Wiley,partial,0,8,1,2,local_article_corpus/Wiley/10.1002_macp.202100285/10.1002_macp.202100285.json,exclude_no_records,No adsorption records were extracted; retain source metadata for traceability.,
10.1002/marc.202100413,Controlling Polymer Morphologies by Intramolecular and Intermolecular Dynamic Covalent Iron(III)/Catechol Complexation-From Polypeptide Single Chain Nanoparticles to Hydrogels,Wiley,partial,0,8,2,1,local_article_corpus/Wiley/10.1002_marc.202100413/10.1002_marc.202100413.json,exclude_no_records,No adsorption records were extracted; retain source metadata for traceability.,
10.1002/marc.202200869,Reversible Molecular Capture and Release in Microfluidics by Host-Guest Interactions in Hydrogel Microdots,Wiley,partial,0,10,0,2,local_article_corpus/Wiley/10.1002_marc.202200869/10.1002_marc.202200869.json,exclude_no_records,No adsorption records were extracted; retain source metadata for traceability.,
10.1002/pat.6213,Formate dehydrogenase mimic nanoenzyme embedded cryogel for CO2 conversion,Wiley,partial,0,9,1,3,local_article_corpus/Wiley/10.1002_pat.6213/10.1002_pat.6213.json,exclude_no_records,No adsorption records were extracted; retain source metadata for traceability.,
10.1002/pola.10554,Hydrogel-like elastic membrane consisting of semi-interpenetrating polymer networks based on a phosphorylcholine polymer and a segmented polyurethane,Wiley,partial,0,13,3,2,local_article_corpus/Wiley/10.1002_pola.10554/10.1002_pola.10554.json,exclude_no_records,No adsorption records were extracted; retain source metadata for traceability.,
10.1002/pola.26903,Three-dimensional microfabrication of protein hydrogels via two-photon-excited thiol-vinyl ester photopolymerization,Wiley,partial,0,7,4,2,local_article_corpus/Wiley/10.1002_pola.26903/10.1002_pola.26903.json,exclude_no_records,No adsorption records were extracted; retain source metadata for traceability.,
10.1002/pro.3976,Hydrogels from serum albumin in a molten globule-like state,Wiley,partial,0,4,2,3,local_article_corpus/Wiley/10.1002_pro.3976/10.1002_pro.3976.json,exclude_no_records,No adsorption records were extracted; retain source metadata for traceability.,
10.1002/smll.200800127,EPR Spectroscopy Reveals Nanoinhomogeneities in the Structure and Reactivity of Thermoresponsive Hydrogels,Wiley,partial,0,8,0,2,local_article_corpus/Wiley/10.1002_smll.200800127/10.1002_smll.200800127.json,exclude_no_records,No adsorption records were extracted; retain source metadata for traceability.,
10.1002/smll.201700467,Coordinated Membrane Fusion of Proteinosomes by Contact-Induced Hydrogel Self-Healing,Wiley,partial,0,8,3,2,local_article_corpus/Wiley/10.1002_smll.201700467/10.1002_smll.201700467.json,exclude_no_records,No adsorption records were extracted; retain source metadata for traceability.,
10.1002/smll.202105157,Reversible Shielding and Immobilization of Liposomes and Viral Vectors by Tailored Antibody-Ligand Interactions,Wiley,partial,0,8,4,2,local_article_corpus/Wiley/10.1002_smll.202105157/10.1002_smll.202105157.json,exclude_no_records,No adsorption records were extracted; retain source metadata for traceability.,
10.1002/smll.202503990,Novabeads: Stimuli-Responsive Signal-Amplifying Hydrogel Microparticles for Enzymeless Fluorescence-Based Detection of microRNA Biomarkers,Wiley,partial,0,14,4,3,local_article_corpus/Wiley/10.1002_smll.202503990/10.1002_smll.202503990.json,exclude_no_records,No adsorption records were extracted; retain source metadata for traceability.,
10.1002/smll.202504089,Constructing Self-Renewing Silicone-Hydrogel Hybrid Coatings with Integrated Fouling Resistant/Release/Killing Mode toward Superior Biofouling Defense,Wiley,partial,0,8,0,3,local_article_corpus/Wiley/10.1002_smll.202504089/10.1002_smll.202504089.json,exclude_no_records,No adsorption records were extracted; retain source metadata for traceability.,
10.1002/smll.202511661,Histidine Containing Minimalistic-Peptide-Based Nanostructured Hydrogel for Multiple Enzyme-Mimicking Catalytic Activities,Wiley,partial,0,11,3,1,local_article_corpus/Wiley/10.1002_smll.202511661/10.1002_smll.202511661.json,exclude_no_records,No adsorption records were extracted; retain source metadata for traceability.,
10.1007/s00216-017-0237-6,An optimized procedure for on-tissue localized protein digestion and quantification using hydrogel discs and isobaric mass tags: analysis of cardiac myxoma,Springer,partial,0,8,3,4,local_article_corpus/Springer/10.1007_s00216-017-0237-6/10.1007_s00216-017-0237-6.json,exclude_no_records,No adsorption records were extracted; retain source metadata for traceability.,
10.1007/s00216-025-06215-1,Biosensor of Vibrio parahaemolyticus based on DNA hydrogel-encapsulated invertase and blood glucose meter,Springer,partial,0,10,2,3,local_article_corpus/Springer/10.1007_s00216-025-06215-1/10.1007_s00216-025-06215-1.json,exclude_no_records,No adsorption records were extracted; retain source metadata for traceability.,
10.1007/s00289-020-03121-7,Soybean protein isolate-based microgels bounding amino acid metal complexes for scavenging superoxide anion radicals,Springer,partial,0,7,2,3,local_article_corpus/Springer/10.1007_s00289-020-03121-7/10.1007_s00289-020-03121-7.json,exclude_no_records,No adsorption records were extracted; retain source metadata for traceability.,
10.1007/s00289-020-03387-x,Design and application of a newly generated bio/synthetic cryogel column for DNA capturing,Springer,partial,0,8,1,3,local_article_corpus/Springer/10.1007_s00289-020-03387-x/10.1007_s00289-020-03387-x.json,exclude_no_records,No adsorption records were extracted; retain source metadata for traceability.,
10.1007/s00425-023-04152-w,Macroalgal-derived alginate/wastepaper hydrogel to alleviate sunflower drought stress,Springer,partial,0,11,3,3,local_article_corpus/Springer/10.1007_s00425-023-04152-w/10.1007_s00425-023-04152-w.json,exclude_no_records,No adsorption records were extracted; retain source metadata for traceability.,
10.1007/s10439-020-02503-2,Enzyme-Mediated Conjugation of Peptides to Silk Fibroin for Facile Hydrogel Functionalization,Springer,partial,0,13,3,2,local_article_corpus/Springer/10.1007_s10439-020-02503-2/10.1007_s10439-020-02503-2.json,exclude_no_records,No adsorption records were extracted; retain source metadata for traceability.,
10.1007/s11666-021-01251-6,Fabrication of Porous Aluminum Coating by Cored Wire Arc Spray for Anchoring Antifouling Hydrogel Layer,Springer,partial,0,5,1,3,local_article_corpus/Springer/10.1007_s11666-021-01251-6/10.1007_s11666-021-01251-6.json,exclude_no_records,No adsorption records were extracted; retain source metadata for traceability.,
10.1007/s11998-024-00926-3,Graphene oxide and cuprous oxide/hydrogel modified epoxy coating for marine antifouling,Springer,partial,0,9,2,2,local_article_corpus/Springer/10.1007_s11998-024-00926-3/10.1007_s11998-024-00926-3.json,exclude_no_records,No adsorption records were extracted; retain source metadata for traceability.,
10.1007/s12272-012-0317-2,Evaluation of interstitial protein delivery in multicellular layers model,Springer,partial,0,3,4,2,local_article_corpus/Springer/10.1007_s12272-012-0317-2/10.1007_s12272-012-0317-2.json,exclude_no_records,No adsorption records were extracted; retain source metadata for traceability.,
10.1007/s13197-020-04713-x,Effect of temperature and relative humidity on the stability of betalains encapsulated in cryogels from protein and polysaccharide,Springer,partial,0,8,1,1,local_article_corpus/Springer/10.1007_s13197-020-04713-x/10.1007_s13197-020-04713-x.json,exclude_no_records,No adsorption records were extracted; retain source metadata for traceability.,
10.1007/s43153-024-00463-x,Biosynthesis of propionic acid from whey permeate and corn steep liquor by Propionibacterium freudenreichii subsp ATCC 6207 and partial purification using ion exchange cryogels,Springer,partial,0,8,2,1,local_article_corpus/Springer/10.1007_s43153-024-00463-x/10.1007_s43153-024-00463-x.json,exclude_no_records,No adsorption records were extracted; retain source metadata for traceability.,
10.1016/S0043-1354(02)00306-8,Adhesion of the marine bacterium Pseudomonas sp. NCIMB 2021 to different hydrogel surfaces,Elsevier,partial,0,7,0,3,local_article_corpus/Elsevier/10.1016_S0043-1354(02)00306-8/10.1016_S0043-1354(02)00306-8.json,exclude_no_records,No adsorption records were extracted; retain source metadata for traceability.,
10.1016/S0142-9612(03)00441-1,Degradation of phospholipid polymer hydrogel by hydrogen peroxide aiming at insulin release device,Elsevier,partial,0,7,2,2,local_article_corpus/Elsevier/10.1016_S0142-9612(03)00441-1/10.1016_S0142-9612(03)00441-1.json,exclude_no_records,No adsorption records were extracted; retain source metadata for traceability.,
10.1016/S0301-4622(02)00364-2,Structure and dynamics of proteins encapsulated in silica hydrogels by Trp phosphorescence,Elsevier,partial,0,8,4,3,local_article_corpus/Elsevier/10.1016_S0301-4622(02)00364-2/10.1016_S0301-4622(02)00364-2.json,exclude_no_records,No adsorption records were extracted; retain source metadata for traceability.,
10.1016/S0969-806X(00)00342-X,Nicotine-selective radiation-induced poly(acrylamide/maleic acid) hydrogels,Elsevier,partial,0,6,0,2,local_article_corpus/Elsevier/10.1016_S0969-806X(00)00342-X/10.1016_S0969-806X(00)00342-X.json,exclude_no_records,No adsorption records were extracted; retain source metadata for traceability.,
10.1016/j.aca.2021.338319,A crosslinked submicro-hydrogel formed by DNA circuit-driven protein aggregation amplified fluorescence anisotropy for biomolecules detection,Elsevier,partial,0,10,5,3,local_article_corpus/Elsevier/10.1016_j.aca.2021.338319/10.1016_j.aca.2021.338319.json,exclude_no_records,No adsorption records were extracted; retain source metadata for traceability.,
10.1016/j.aca.2025.344847,Bifunctional antifouling strategy based on polypeptide hydrogels for enhancing long-term stability of potassium ion sensors in complex systems,Elsevier,partial,0,8,1,3,local_article_corpus/Elsevier/10.1016_j.aca.2025.344847/10.1016_j.aca.2025.344847.json,exclude_no_records,No adsorption records were extracted; retain source metadata for traceability.,
10.1016/j.algal.2025.104404,Surface-grafted SPMA hydrogels enable durable microalgal antifouling on polymeric membranes,Elsevier,partial,0,9,1,2,local_article_corpus/Elsevier/10.1016_j.algal.2025.104404/10.1016_j.algal.2025.104404.json,exclude_no_records,No adsorption records were extracted; retain source metadata for traceability.,
10.1016/j.apcata.2007.05.040,Molecularly imprinted soluble nanogels as a peroxidase-like catalyst in the oxidation reaction of homovanillic acid under aqueous conditions,Elsevier,partial,0,10,1,3,local_article_corpus/Elsevier/10.1016_j.apcata.2007.05.040/10.1016_j.apcata.2007.05.040.json,exclude_no_records,No adsorption records were extracted; retain source metadata for traceability.,
10.1016/j.apsusc.2013.02.064,Ethylene oxide-block-butylene oxide copolymer uptake by silicone hydrogel contact lens materials,Elsevier,partial,0,9,0,2,local_article_corpus/Elsevier/10.1016_j.apsusc.2013.02.064/10.1016_j.apsusc.2013.02.064.json,exclude_no_records,No adsorption records were extracted; retain source metadata for traceability.,
10.1016/j.biomaterials.2006.03.020,Detection of a specific DNA sequence by electrophoresis through a molecularly imprinted polymer,Elsevier,partial,0,9,0,3,local_article_corpus/Elsevier/10.1016_j.biomaterials.2006.03.020/10.1016_j.biomaterials.2006.03.020.json,exclude_no_records,No adsorption records were extracted; retain source metadata for traceability.,
10.1016/j.biomaterials.2011.06.006,Uniform zwitterionic polymer hydrogels with a nonfouling and functionalizable crosslinker using photopolymerization,Elsevier,partial,0,11,2,2,local_article_corpus/Elsevier/10.1016_j.biomaterials.2011.06.006/10.1016_j.biomaterials.2011.06.006.json,exclude_no_records,No adsorption records were extracted; retain source metadata for traceability.,
10.1016/j.biomaterials.2021.120895,Rationally designed protein cross-linked hydrogel for bone regeneration via synergistic release of magnesium and zinc ions,Elsevier,partial,0,6,3,3,local_article_corpus/Elsevier/10.1016_j.biomaterials.2021.120895/10.1016_j.biomaterials.2021.120895.json,exclude_no_records,No adsorption records were extracted; retain source metadata for traceability.,
10.1016/j.biomaterials.2024.122494,A hybrid nanoparticle-protein hydrogel system for prolonged local anesthesia,Elsevier,partial,0,10,2,3,local_article_corpus/Elsevier/10.1016_j.biomaterials.2024.122494/10.1016_j.biomaterials.2024.122494.json,exclude_no_records,No adsorption records were extracted; retain source metadata for traceability.,
10.1016/j.biopha.2022.113722,Permeation of albumin through the skin depending on its concentration and the substrate used in simulated conditions in vivo,Elsevier,partial,0,9,2,2,local_article_corpus/Elsevier/10.1016_j.biopha.2022.113722/10.1016_j.biopha.2022.113722.json,exclude_no_records,No adsorption records were extracted; retain source metadata for traceability.,
10.1016/j.bios.2009.03.042,Simple spectroscopic method for titration of binding sites in molecularly imprinted nanogels with hydrolase activity,Elsevier,partial,0,10,0,2,local_article_corpus/Elsevier/10.1016_j.bios.2009.03.042/10.1016_j.bios.2009.03.042.json,exclude_no_records,No adsorption records were extracted; retain source metadata for traceability.,
10.1016/j.bios.2023.115599,Hydrogel-enzyme micropatch array format for chemical mapping: A proof of concept,Elsevier,partial,0,6,3,2,local_article_corpus/Elsevier/10.1016_j.bios.2023.115599/10.1016_j.bios.2023.115599.json,exclude_no_records,No adsorption records were extracted; retain source metadata for traceability.,
10.1016/j.bios.2024.117064,A DNA tweezer-actuated nanozyme-enzyme hybrid nanoreactor for pesticide detection,Elsevier,partial,0,6,1,3,local_article_corpus/Elsevier/10.1016_j.bios.2024.117064/10.1016_j.bios.2024.117064.json,exclude_no_records,No adsorption records were extracted; retain source metadata for traceability.,
10.1016/j.carbpol.2011.09.029,Enhancement of fibrinolytic enzyme production from Bacillus subtilis via immobilization process onto radiation synthesized starch/dimethylaminoethyl methacrylate hydrogel,Elsevier,partial,0,5,4,2,local_article_corpus/Elsevier/10.1016_j.carbpol.2011.09.029/10.1016_j.carbpol.2011.09.029.json,exclude_no_records,No adsorption records were extracted; retain source metadata for traceability.,
10.1016/j.carbpol.2012.10.025,Complexation of copper(II) with chitosan nanogels: Toward control of microbial growth,Elsevier,partial,0,10,1,3,local_article_corpus/Elsevier/10.1016_j.carbpol.2012.10.025/10.1016_j.carbpol.2012.10.025.json,exclude_no_records,No adsorption records were extracted; retain source metadata for traceability.,
10.1016/j.cej.2021.133121,Kelp inspired bio-hydrogel with high antibiofouling activity and super-toughness for ultrafast uranium extraction from seawater,Elsevier,partial,0,5,0,2,local_article_corpus/Elsevier/10.1016_j.cej.2021.133121/10.1016_j.cej.2021.133121.json,exclude_no_records,No adsorption records were extracted; retain source metadata for traceability.,
10.1016/j.cej.2023.141631,"Loading and co-solvent-triggered release of okanin, a C4 plant key enzyme inhibitor, into/from functional microgels",Elsevier,partial,0,8,2,2,local_article_corpus/Elsevier/10.1016_j.cej.2023.141631/10.1016_j.cej.2023.141631.json,exclude_no_records,No adsorption records were extracted; retain source metadata for traceability.,
10.1016/j.cej.2025.171043,Closing the loop: Biomass-derived MXene hydrogel beads for high-efficiency uranium recovery,Elsevier,partial,0,10,2,2,local_article_corpus/Elsevier/10.1016_j.cej.2025.171043/10.1016_j.cej.2025.171043.json,exclude_no_records,No adsorption records were extracted; retain source metadata for traceability.,
10.1016/j.cej.2026.172626,Light-activated protein hydrogels with dynamic structural color modulation for specific recognition of ultratrace UO₂2+,Elsevier,partial,0,7,5,4,local_article_corpus/Elsevier/10.1016_j.cej.2026.172626/10.1016_j.cej.2026.172626.json,exclude_no_records,No adsorption records were extracted; retain source metadata for traceability.,
10.1016/j.cej.2026.173209,Hydrogel nanoparticle as an artificial nuclease for selective DNA cleavage,Elsevier,partial,0,9,1,2,local_article_corpus/Elsevier/10.1016_j.cej.2026.173209/10.1016_j.cej.2026.173209.json,exclude_no_records,No adsorption records were extracted; retain source metadata for traceability.,
10.1016/j.chroma.2008.11.031,Performance optimization in electric field gradient focusing,Elsevier,partial,0,11,3,3,local_article_corpus/Elsevier/10.1016_j.chroma.2008.11.031/10.1016_j.chroma.2008.11.031.json,exclude_no_records,No adsorption records were extracted; retain source metadata for traceability.,
10.1016/j.cis.2016.04.006,Formation and functional properties of protein–polysaccharide electrostatic hydrogels in comparison to protein or polysaccharide hydrogels,Elsevier,partial,0,10,8,3,local_article_corpus/Elsevier/10.1016_j.cis.2016.04.006/10.1016_j.cis.2016.04.006.json,exclude_no_records,No adsorption records were extracted; retain source metadata for traceability.,
10.1016/j.colsurfa.2005.05.020,Characterization of polyethylenimine grafted and Cibacron Blue F3GA immobilized poly(hydroxyethylmethacrylate-co-glycydylmethacrylate) membranes and application to bilirubin removal from human serum,Elsevier,partial,0,8,2,2,local_article_corpus/Elsevier/10.1016_j.colsurfa.2005.05.020/10.1016_j.colsurfa.2005.05.020.json,exclude_no_records,No adsorption records were extracted; retain source metadata for traceability.,
10.1016/j.colsurfa.2025.138083,Metal–organic framework-enhanced hydrogel/polyurethane interpenetrating network for antifouling applications,Elsevier,partial,0,13,0,3,local_article_corpus/Elsevier/10.1016_j.colsurfa.2025.138083/10.1016_j.colsurfa.2025.138083.json,exclude_no_records,No adsorption records were extracted; retain source metadata for traceability.,
10.1016/j.colsurfb.2013.12.022,Application of NMR spectroscopy in the development of a biomimetic approach for hydrophobic drug association with physical hydrogels,Elsevier,partial,0,11,2,7,local_article_corpus/Elsevier/10.1016_j.colsurfb.2013.12.022/10.1016_j.colsurfb.2013.12.022.json,exclude_no_records,No adsorption records were extracted; retain source metadata for traceability.,
10.1016/j.colsurfb.2018.04.019,Poly-l-lysine modified cryogels for efficient bilirubin removal from human plasma,Elsevier,partial,0,18,2,3,local_article_corpus/Elsevier/10.1016_j.colsurfb.2018.04.019/10.1016_j.colsurfb.2018.04.019.json,exclude_no_records,No adsorption records were extracted; retain source metadata for traceability.,
10.1016/j.colsurfb.2020.111332,The Hofmeister effect on protein hydrogels with stranded and particulate microstructures,Elsevier,partial,0,11,4,2,local_article_corpus/Elsevier/10.1016_j.colsurfb.2020.111332/10.1016_j.colsurfb.2020.111332.json,exclude_no_records,No adsorption records were extracted; retain source metadata for traceability.,
10.1016/j.colsurfb.2022.112595,Microgels as globular protein model systems,Elsevier,partial,0,14,6,4,local_article_corpus/Elsevier/10.1016_j.colsurfb.2022.112595/10.1016_j.colsurfb.2022.112595.json,exclude_no_records,No adsorption records were extracted; retain source metadata for traceability.,
10.1016/j.compositesa.2025.108756,Photothermal synergistic antifouling and high-toughness hydrogel based on Ti3C2Tx-PEG for marine coatings,Elsevier,partial,0,13,0,3,local_article_corpus/Elsevier/10.1016_j.compositesa.2025.108756/10.1016_j.compositesa.2025.108756.json,exclude_no_records,No adsorption records were extracted; retain source metadata for traceability.,
10.1016/j.cplett.2020.138105,An intrinsically disordered protein in F127 hydrogel: Fluorescence correlation spectroscopy and structural diversity of beta casein,Elsevier,partial,0,7,4,4,local_article_corpus/Elsevier/10.1016_j.cplett.2020.138105/10.1016_j.cplett.2020.138105.json,exclude_no_records,No adsorption records were extracted; retain source metadata for traceability.,
10.1016/j.desal.2020.114591,Surface modification of thin-film composite forward osmosis membranes with polyvinyl alcohol–graphene oxide composite hydrogels for antifouling properties,Elsevier,partial,0,9,0,4,local_article_corpus/Elsevier/10.1016_j.desal.2020.114591/10.1016_j.desal.2020.114591.json,exclude_no_records,No adsorption records were extracted; retain source metadata for traceability.,
10.1016/j.desal.2021.115192,Composite hydrogel-based photothermal self-pumping system with salt and bacteria resistance for super-efficient solar-powered water evaporation,Elsevier,partial,0,7,0,2,local_article_corpus/Elsevier/10.1016_j.desal.2021.115192/10.1016_j.desal.2021.115192.json,exclude_no_records,No adsorption records were extracted; retain source metadata for traceability.,
10.1016/j.electacta.2017.12.126,Gelatin methacryloyl hydrogel for glucose biosensing using Ni nanoparticles-reduced graphene oxide: An experimental and modeling study,Elsevier,partial,0,8,1,2,local_article_corpus/Elsevier/10.1016_j.electacta.2017.12.126/10.1016_j.electacta.2017.12.126.json,exclude_no_records,No adsorption records were extracted; retain source metadata for traceability.,
10.1016/j.eng.2025.11.024,Anti-Polyelectrolyte-Effect Hydrogel Unlocks Efficient Uranium Extraction from Concentrated Seawater,Elsevier,partial,0,11,0,3,local_article_corpus/Elsevier/10.1016_j.eng.2025.11.024/10.1016_j.eng.2025.11.024.json,exclude_no_records,No adsorption records were extracted; retain source metadata for traceability.,
10.1016/j.envpol.2024.124644,Biomimetic mineralization of hydrated magnesium carbonate for hydrogel reinforcement and heavy metal adsorption,Elsevier,partial,0,11,1,1,local_article_corpus/Elsevier/10.1016_j.envpol.2024.124644/10.1016_j.envpol.2024.124644.json,exclude_no_records,No adsorption records were extracted; retain source metadata for traceability.,
10.1016/j.enzmictec.2011.11.002,Photocrosslinked bovine serum albumin hydrogels with partial retention of esterase activity,Elsevier,partial,0,11,2,5,local_article_corpus/Elsevier/10.1016_j.enzmictec.2011.11.002/10.1016_j.enzmictec.2011.11.002.json,exclude_no_records,No adsorption records were extracted; retain source metadata for traceability.,
10.1016/j.enzmictec.2012.08.006,Boronate affinity chromatography of cells and biomacromolecules using cryogel matrices,Elsevier,partial,0,11,7,3,local_article_corpus/Elsevier/10.1016_j.enzmictec.2012.08.006/10.1016_j.enzmictec.2012.08.006.json,exclude_no_records,No adsorption records were extracted; retain source metadata for traceability.,
10.1016/j.foodchem.2016.11.090,Multiclonal plastic antibodies for selective aflatoxin extraction from food samples,Elsevier,partial,0,10,0,3,local_article_corpus/Elsevier/10.1016_j.foodchem.2016.11.090/10.1016_j.foodchem.2016.11.090.json,exclude_no_records,No adsorption records were extracted; retain source metadata for traceability.,
10.1016/j.foodhyd.2020.106293,Effects of covalent interactions and gel characteristics on soy protein-tannic acid conjugates prepared under alkaline conditions,Elsevier,partial,0,4,1,3,local_article_corpus/Elsevier/10.1016_j.foodhyd.2020.106293/10.1016_j.foodhyd.2020.106293.json,exclude_no_records,No adsorption records were extracted; retain source metadata for traceability.,
10.1016/j.foodhyd.2021.106972,"Effect of pH on the mechanical, interfacial, and emulsification properties of chitosan microgels",Elsevier,partial,0,8,2,2,local_article_corpus/Elsevier/10.1016_j.foodhyd.2021.106972/10.1016_j.foodhyd.2021.106972.json,exclude_no_records,No adsorption records were extracted; retain source metadata for traceability.,
10.1016/j.foodhyd.2024.110558,Adjusting the hydrophobicity of recombinant microgels to improve interfacial activity: Using a promising pickering emulsion stabilizer with a dense cubic structure,Elsevier,partial,0,4,1,4,local_article_corpus/Elsevier/10.1016_j.foodhyd.2024.110558/10.1016_j.foodhyd.2024.110558.json,exclude_no_records,No adsorption records were extracted; retain source metadata for traceability.,
10.1016/j.foostr.2024.100386,Fabrication of stable spherical soybean lipophilic protein nanogel for curcumin delivery: Carbony oxygen and aromatic ring flexibility binding to the beta−barrel,Elsevier,partial,0,5,4,2,local_article_corpus/Elsevier/10.1016_j.foostr.2024.100386/10.1016_j.foostr.2024.100386.json,exclude_no_records,No adsorption records were extracted; retain source metadata for traceability.,
10.1016/j.giant.2026.100383,Temperature-induced fibrillogenesis and gelation of fibrinogen mediated by calcium salts,Elsevier,partial,0,7,1,2,local_article_corpus/Elsevier/10.1016_j.giant.2026.100383/10.1016_j.giant.2026.100383.json,exclude_no_records,No adsorption records were extracted; retain source metadata for traceability.,
10.1016/j.ijbiomac.2011.01.022,Poly(hydroxyethyl methacrylate) based affinity cryogel for plasmid DNA purification,Elsevier,partial,0,9,2,2,local_article_corpus/Elsevier/10.1016_j.ijbiomac.2011.01.022/10.1016_j.ijbiomac.2011.01.022.json,exclude_no_records,No adsorption records were extracted; retain source metadata for traceability.,
10.1016/j.ijbiomac.2016.05.049,Detoxification of Hg(II) from aqueous and enzyme media: Pristine vs. tailored calcium alginate hydrogels,Elsevier,partial,0,17,2,2,local_article_corpus/Elsevier/10.1016_j.ijbiomac.2016.05.049/10.1016_j.ijbiomac.2016.05.049.json,exclude_no_records,No adsorption records were extracted; retain source metadata for traceability.,
10.1016/j.ijbiomac.2020.01.257,"Mo-CBP4, a purified chitin-binding protein from Moringa oleifera seeds, is a potent antidermatophytic protein: In vitro mechanisms of action, in vivo effect against infection, and clinical application as a hydrogel for skin infection",Elsevier,partial,0,8,2,2,local_article_corpus/Elsevier/10.1016_j.ijbiomac.2020.01.257/10.1016_j.ijbiomac.2020.01.257.json,exclude_no_records,No adsorption records were extracted; retain source metadata for traceability.,
10.1016/j.ijbiomac.2020.06.063,"Rheological study of albumin and hyaluronan-albumin hydrogels: Effect of concentration, ionic strength, pH and molecular weight",Elsevier,partial,0,9,2,2,local_article_corpus/Elsevier/10.1016_j.ijbiomac.2020.06.063/10.1016_j.ijbiomac.2020.06.063.json,exclude_no_records,No adsorption records were extracted; retain source metadata for traceability.,
10.1016/j.ijbiomac.2021.06.003,Examining the effect of bovine serum albumin on the properties and drug release behavior of β-lactoglobulin-derived amyloid fibril-based hydrogels,Elsevier,partial,0,8,4,2,local_article_corpus/Elsevier/10.1016_j.ijbiomac.2021.06.003/10.1016_j.ijbiomac.2021.06.003.json,exclude_no_records,No adsorption records were extracted; retain source metadata for traceability.,
10.1016/j.ijbiomac.2022.08.096,High-strength and anti-bacterial BSA/carboxymethyl chitosan/silver nanoparticles/calcium alginate composite hydrogel membrane for efficient dye/salt separation,Elsevier,partial,0,10,1,3,local_article_corpus/Elsevier/10.1016_j.ijbiomac.2022.08.096/10.1016_j.ijbiomac.2022.08.096.json,exclude_no_records,No adsorption records were extracted; retain source metadata for traceability.,
10.1016/j.ijbiomac.2024.131168,Enzymatic crosslinking of lignin nanoparticles and nanocellulose in cryogels improves adsorption of pharmaceutical pollutants,Elsevier,partial,0,5,0,1,local_article_corpus/Elsevier/10.1016_j.ijbiomac.2024.131168/10.1016_j.ijbiomac.2024.131168.json,exclude_no_records,No adsorption records were extracted; retain source metadata for traceability.,
10.1016/j.ijbiomac.2024.131747,Localized application of SAG21k-loaded fibrin hydrogels for targeted modulation of the hedgehog pathway in facial nerve injury,Elsevier,partial,0,4,4,2,local_article_corpus/Elsevier/10.1016_j.ijbiomac.2024.131747/10.1016_j.ijbiomac.2024.131747.json,exclude_no_records,No adsorption records were extracted; retain source metadata for traceability.,
10.1016/j.ijbiomac.2024.136808,Effect of low degree succinylation on properties of enzyme-induced casein hydrogel,Elsevier,partial,0,8,3,3,local_article_corpus/Elsevier/10.1016_j.ijbiomac.2024.136808/10.1016_j.ijbiomac.2024.136808.json,exclude_no_records,No adsorption records were extracted; retain source metadata for traceability.,
10.1016/j.ijbiomac.2025.142692,Development of ambient printable hydrogen-bonded crosslinked vitrimer hydrogel inks derived from low methyl apple pectin with reduced K+ concentration,Elsevier,partial,0,8,4,2,local_article_corpus/Elsevier/10.1016_j.ijbiomac.2025.142692/10.1016_j.ijbiomac.2025.142692.json,exclude_no_records,No adsorption records were extracted; retain source metadata for traceability.,
10.1016/j.ijbiomac.2026.152690,Developing an enzyme-assembled phytoglycogen-based carrier for intestinal-targeted delivery of metformin,Elsevier,partial,0,10,6,3,local_article_corpus/Elsevier/10.1016_j.ijbiomac.2026.152690/10.1016_j.ijbiomac.2026.152690.json,exclude_no_records,No adsorption records were extracted; retain source metadata for traceability.,
10.1016/j.ijpharm.2016.11.032,Semi-synthetic hydrogel composition and stiffness regulate neuronal morphogenesis,Elsevier,partial,0,8,6,2,local_article_corpus/Elsevier/10.1016_j.ijpharm.2016.11.032/10.1016_j.ijpharm.2016.11.032.json,exclude_no_records,No adsorption records were extracted; retain source metadata for traceability.,
10.1016/j.isci.2024.111332,Hydrogel bead-based isothermal detection (BEAD-ID) for assessing the activity of DNA-modifying enzymes,Elsevier,partial,0,7,7,4,local_article_corpus/Elsevier/10.1016_j.isci.2024.111332/10.1016_j.isci.2024.111332.json,exclude_no_records,No adsorption records were extracted; retain source metadata for traceability.,
10.1016/j.jcis.2013.12.063,Bio-inspired self-cleaning PAAS hydrogel released coating for marine antifouling,Elsevier,partial,0,7,0,3,local_article_corpus/Elsevier/10.1016_j.jcis.2013.12.063/10.1016_j.jcis.2013.12.063.json,exclude_no_records,No adsorption records were extracted; retain source metadata for traceability.,
10.1016/j.jcis.2014.03.030,New method for the simultaneous determination of diffusion and adsorption of dyes in silica hydrogels,Elsevier,partial,0,9,0,1,local_article_corpus/Elsevier/10.1016_j.jcis.2014.03.030/10.1016_j.jcis.2014.03.030.json,exclude_no_records,No adsorption records were extracted; retain source metadata for traceability.,
10.1016/j.jcis.2019.07.003,Turning proteins into hydrophobic floatable materials with multiple potential applications,Elsevier,partial,0,7,5,3,local_article_corpus/Elsevier/10.1016_j.jcis.2019.07.003/10.1016_j.jcis.2019.07.003.json,exclude_no_records,No adsorption records were extracted; retain source metadata for traceability.,
10.1016/j.jcis.2025.139351,Functional enzyme-metal nanogel for efficient glucose detection using interface supramolecular adhesion and adsorption,Elsevier,partial,0,10,2,3,local_article_corpus/Elsevier/10.1016_j.jcis.2025.139351/10.1016_j.jcis.2025.139351.json,exclude_no_records,No adsorption records were extracted; retain source metadata for traceability.,
10.1016/j.jconrel.2023.05.046,Reduced malignant glioblastoma recurrence post-resection through the anti-CD47 antibody and Temozolomide co-embedded in-situ hydrogel system,Elsevier,partial,0,6,3,2,local_article_corpus/Elsevier/10.1016_j.jconrel.2023.05.046/10.1016_j.jconrel.2023.05.046.json,exclude_no_records,No adsorption records were extracted; retain source metadata for traceability.,
10.1016/j.jconrel.2026.114989,"Microalgal protein-alginate cryogels for enhanced lyoprotection, gastrointestinal stability, and controlled release of Lacticaseibacillus rhamnosus GG",Elsevier,partial,0,6,2,2,local_article_corpus/Elsevier/10.1016_j.jconrel.2026.114989/10.1016_j.jconrel.2026.114989.json,exclude_no_records,No adsorption records were extracted; retain source metadata for traceability.,
10.1016/j.jddst.2025.107609,Curcumin encapsulation in BSA microgels: Unlocking biophysical behavior and enhancing emulsion stability,Elsevier,partial,0,9,3,4,local_article_corpus/Elsevier/10.1016_j.jddst.2025.107609/10.1016_j.jddst.2025.107609.json,exclude_no_records,No adsorption records were extracted; retain source metadata for traceability.,
10.1016/j.jece.2017.05.041,Adsorption of nitroaniline positional isomers on humic acid-incorporated monolithic cryogel discs: Application of ligand-exchange concept,Elsevier,partial,0,9,0,2,local_article_corpus/Elsevier/10.1016_j.jece.2017.05.041/10.1016_j.jece.2017.05.041.json,exclude_no_records,No adsorption records were extracted; retain source metadata for traceability.,
10.1016/j.jece.2025.116265,Floated Bi4Ti3O12@MoS2 p-n heterojunction anti-fouling hydrogels for efficient seawater purification,Elsevier,partial,0,6,0,2,local_article_corpus/Elsevier/10.1016_j.jece.2025.116265/10.1016_j.jece.2025.116265.json,exclude_no_records,No adsorption records were extracted; retain source metadata for traceability.,
10.1016/j.jece.2025.119287,Bacteria/alginate @ agarose-hydrogel for the removal of COVID-19 antivirals ribavirin: An integrated scheme of concentration and biotransformation,Elsevier,partial,0,7,5,2,local_article_corpus/Elsevier/10.1016_j.jece.2025.119287/10.1016_j.jece.2025.119287.json,exclude_no_records,No adsorption records were extracted; retain source metadata for traceability.,
10.1016/j.jelechem.2009.08.009,Simulation analysis of effect of ionic strength on physiochemical and mechanical characteristics of glucose-sensitive hydrogels,Elsevier,partial,0,8,2,2,local_article_corpus/Elsevier/10.1016_j.jelechem.2009.08.009/10.1016_j.jelechem.2009.08.009.json,exclude_no_records,No adsorption records were extracted; retain source metadata for traceability.,
10.1016/j.jelechem.2022.116024,Cobalt single atom sites in carbon aerogels for ultrasensitive enzyme-free electrochemical detection of glucose,Elsevier,partial,0,8,2,2,local_article_corpus/Elsevier/10.1016_j.jelechem.2022.116024/10.1016_j.jelechem.2022.116024.json,exclude_no_records,No adsorption records were extracted; retain source metadata for traceability.,
10.1016/j.jhazmat.2019.120984,Mussel-inspired anti-biofouling and robust hybrid nanocomposite hydrogel for uranium extraction from seawater,Elsevier,partial,0,15,0,3,local_article_corpus/Elsevier/10.1016_j.jhazmat.2019.120984/10.1016_j.jhazmat.2019.120984.json,exclude_no_records,No adsorption records were extracted; retain source metadata for traceability.,
10.1016/j.jhazmat.2020.122417,Amine functionalized egg albumin hydrogel with enhanced adsorption potential for diclofenac sodium in water,Elsevier,partial,0,7,1,2,local_article_corpus/Elsevier/10.1016_j.jhazmat.2020.122417/10.1016_j.jhazmat.2020.122417.json,exclude_no_records,No adsorption records were extracted; retain source metadata for traceability.,
10.1016/j.jhazmat.2025.138611,Efficient ribavirin removal from medical wastewater by microalgae-centric: Microbial biological action and application of double-layer network hydrogel,Elsevier,partial,0,8,4,2,local_article_corpus/Elsevier/10.1016_j.jhazmat.2025.138611/10.1016_j.jhazmat.2025.138611.json,exclude_no_records,No adsorption records were extracted; retain source metadata for traceability.,
10.1016/j.jhazmat.2025.139486,"Multifunctional SGCG/CuO2 composite hydrogel for integrated wastewater remediation: Copper ions removal, phenolic pollutant degradation, and bacterial inactivation",Elsevier,partial,0,16,4,2,local_article_corpus/Elsevier/10.1016_j.jhazmat.2025.139486/10.1016_j.jhazmat.2025.139486.json,exclude_no_records,No adsorption records were extracted; retain source metadata for traceability.,
10.1016/j.jmb.2009.06.075,A Chimeric Fusion Protein Engineered with Disparate Functionalities—Enzymatic Activity and Self–assembly,Elsevier,partial,0,8,4,1,local_article_corpus/Elsevier/10.1016_j.jmb.2009.06.075/10.1016_j.jmb.2009.06.075.json,exclude_no_records,No adsorption records were extracted; retain source metadata for traceability.,
10.1016/j.jmmm.2016.03.068,A simple route to synthesize conductive stimuli-responsive polypyrrole nanocomposite hydrogel particles with strong magnetic properties and their performance for removal of hexavalent chromium ions from aqueous solution,Elsevier,partial,0,11,0,2,local_article_corpus/Elsevier/10.1016_j.jmmm.2016.03.068/10.1016_j.jmmm.2016.03.068.json,exclude_no_records,No adsorption records were extracted; retain source metadata for traceability.,
10.1016/j.lwt.2025.118352,Shellac-chitosan microgel-immobilized lipase for sustainable synthesis of sucrose laurate via pickering interfacial catalysis,Elsevier,partial,0,9,7,5,local_article_corpus/Elsevier/10.1016_j.lwt.2025.118352/10.1016_j.lwt.2025.118352.json,exclude_no_records,No adsorption records were extracted; retain source metadata for traceability.,
10.1016/j.matbio.2008.08.001,Hydrogel encapsulation environments functionalized with extracellular matrix interactions increase islet insulin secretion,Elsevier,partial,0,12,6,2,local_article_corpus/Elsevier/10.1016_j.matbio.2008.08.001/10.1016_j.matbio.2008.08.001.json,exclude_no_records,No adsorption records were extracted; retain source metadata for traceability.,
10.1016/j.memsci.2011.11.025,Factors affecting the sieving behavior of anti-fouling thin-layer cross-linked hydrogel polyethersulfone composite ultrafiltration membranes,Elsevier,partial,0,12,2,3,local_article_corpus/Elsevier/10.1016_j.memsci.2011.11.025/10.1016_j.memsci.2011.11.025.json,exclude_no_records,No adsorption records were extracted; retain source metadata for traceability.,
10.1016/j.microc.2023.108897,A novel dynamic coating medium for single stranded DNA separation in capillary electrophoresis: Thermosensitive hydrogel nanoparticles,Elsevier,partial,0,10,3,2,local_article_corpus/Elsevier/10.1016_j.microc.2023.108897/10.1016_j.microc.2023.108897.json,exclude_no_records,No adsorption records were extracted; retain source metadata for traceability.,
10.1016/j.microc.2024.112160,A simulated sunlight-activated plastic mimic enzyme for dual-mode detection of D-penicillamine and serum iron,Elsevier,partial,0,10,4,3,local_article_corpus/Elsevier/10.1016_j.microc.2024.112160/10.1016_j.microc.2024.112160.json,exclude_no_records,No adsorption records were extracted; retain source metadata for traceability.,
10.1016/j.msec.2006.10.008,Albumin-crosslinked alginate hydrogels as sustained drug release carrier,Elsevier,partial,0,10,4,2,local_article_corpus/Elsevier/10.1016_j.msec.2006.10.008/10.1016_j.msec.2006.10.008.json,exclude_no_records,No adsorption records were extracted; retain source metadata for traceability.,
10.1016/j.msec.2015.06.041,Dye affinity cryogels for plasmid DNA purification,Elsevier,partial,0,9,1,3,local_article_corpus/Elsevier/10.1016_j.msec.2015.06.041/10.1016_j.msec.2015.06.041.json,exclude_no_records,No adsorption records were extracted; retain source metadata for traceability.,
10.1016/j.msec.2020.111590,Thermoresponsive BSA hydrogels with phase tunability,Elsevier,partial,0,7,1,3,local_article_corpus/Elsevier/10.1016_j.msec.2020.111590/10.1016_j.msec.2020.111590.json,exclude_no_records,No adsorption records were extracted; retain source metadata for traceability.,
10.1016/j.mtbio.2025.102622,A carbonic anhydrase-based nanogel for cyanobacterial growth enhancement,Elsevier,partial,0,9,6,4,local_article_corpus/Elsevier/10.1016_j.mtbio.2025.102622/10.1016_j.mtbio.2025.102622.json,exclude_no_records,No adsorption records were extracted; retain source metadata for traceability.,
10.1016/j.mtcomm.2022.104638,Facile synthesis of porous DNA/Protein hydrogels for water purification,Elsevier,partial,0,7,3,4,local_article_corpus/Elsevier/10.1016_j.mtcomm.2022.104638/10.1016_j.mtcomm.2022.104638.json,exclude_no_records,No adsorption records were extracted; retain source metadata for traceability.,
10.1016/j.polymer.2011.06.033,Coatings with a self-generating hydrogel surface for antifouling,Elsevier,partial,0,7,1,3,local_article_corpus/Elsevier/10.1016_j.polymer.2011.06.033/10.1016_j.polymer.2011.06.033.json,exclude_no_records,No adsorption records were extracted; retain source metadata for traceability.,
10.1016/j.polymer.2013.08.030,A facile method to functionalize engineering solid membrane supports for rapid and efficient oil–water separation,Elsevier,partial,0,8,0,2,local_article_corpus/Elsevier/10.1016_j.polymer.2013.08.030/10.1016_j.polymer.2013.08.030.json,exclude_no_records,No adsorption records were extracted; retain source metadata for traceability.,
10.1016/j.polymer.2019.121598,Water dynamics and thermal properties of tyramine-modified hyaluronic acid - Gelatin hydrogels,Elsevier,partial,0,7,2,1,local_article_corpus/Elsevier/10.1016_j.polymer.2019.121598/10.1016_j.polymer.2019.121598.json,exclude_no_records,No adsorption records were extracted; retain source metadata for traceability.,
10.1016/j.polymertesting.2021.107187,A novel methodology for hydrogel water content determination by EPR: The basis for real-time monitoring of controlled drug release and hydrogel swelling and degradation,Elsevier,partial,0,8,4,3,local_article_corpus/Elsevier/10.1016_j.polymertesting.2021.107187/10.1016_j.polymertesting.2021.107187.json,exclude_no_records,No adsorption records were extracted; retain source metadata for traceability.,
10.1016/j.porgcoat.2026.110037,Vibrio MO245 exopolysaccharide/chitosan hydrogel for marine antifouling coating,Elsevier,partial,0,12,0,2,local_article_corpus/Elsevier/10.1016_j.porgcoat.2026.110037/10.1016_j.porgcoat.2026.110037.json,exclude_no_records,No adsorption records were extracted; retain source metadata for traceability.,
10.1016/j.porgcoat.2026.110227,Time-dependent gel formation analysis in hydrogel antifouling coatings: Influence of coating composition and environmental parameters,Elsevier,partial,0,10,0,3,local_article_corpus/Elsevier/10.1016_j.porgcoat.2026.110227/10.1016_j.porgcoat.2026.110227.json,exclude_no_records,No adsorption records were extracted; retain source metadata for traceability.,
10.1016/j.reactfunctpolym.2008.10.007,Supermacroporous poly(hydroxyethyl methacrylate) based cryogel with embedded bilirubin imprinted particles,Elsevier,partial,0,13,1,3,local_article_corpus/Elsevier/10.1016_j.reactfunctpolym.2008.10.007/10.1016_j.reactfunctpolym.2008.10.007.json,exclude_no_records,No adsorption records were extracted; retain source metadata for traceability.,
10.1016/j.seppur.2022.120571,Porous and biofouling-resistant amidoxime-based hybrid hydrogel with excellent interfacial compatibility for high-performance recovery of uranium from seawater,Elsevier,partial,0,11,0,2,local_article_corpus/Elsevier/10.1016_j.seppur.2022.120571/10.1016_j.seppur.2022.120571.json,exclude_no_records,No adsorption records were extracted; retain source metadata for traceability.,
10.1016/j.seppur.2023.125601,Insight of multifunctional Cu-alginate hydrogel membrane for precise molecule/ion separation applications,Elsevier,partial,0,9,0,2,local_article_corpus/Elsevier/10.1016_j.seppur.2023.125601/10.1016_j.seppur.2023.125601.json,exclude_no_records,No adsorption records were extracted; retain source metadata for traceability.,
10.1016/j.seppur.2024.128440,Soil flushing coupled with aminated-nanocellulose/MOF hydrogel nanocomposites adsorbents: A novel sustainable remediation strategy for Cr(VI)-contaminated agricultural soils,Elsevier,partial,0,10,0,3,local_article_corpus/Elsevier/10.1016_j.seppur.2024.128440/10.1016_j.seppur.2024.128440.json,exclude_no_records,No adsorption records were extracted; retain source metadata for traceability.,
10.1016/j.seppur.2025.131953,Functionalized areca husk fibers enhanced photothermal and anti-fouling hydrogel composite for efficient uranium extraction from seawater,Elsevier,partial,0,14,1,2,local_article_corpus/Elsevier/10.1016_j.seppur.2025.131953/10.1016_j.seppur.2025.131953.json,exclude_no_records,No adsorption records were extracted; retain source metadata for traceability.,
10.1016/j.snb.2019.126950,Vibration at structural resonance frequency of hydrophilic substrates enhances biofilm removal,Elsevier,partial,0,9,1,5,local_article_corpus/Elsevier/10.1016_j.snb.2019.126950/10.1016_j.snb.2019.126950.json,exclude_no_records,No adsorption records were extracted; retain source metadata for traceability.,
10.1016/j.snb.2021.131296,Hydrogel-integrated microfluidic platform for separation-free colorimetric and distance-based detection of biomarkers in whole blood,Elsevier,partial,0,8,4,3,local_article_corpus/Elsevier/10.1016_j.snb.2021.131296/10.1016_j.snb.2021.131296.json,exclude_no_records,No adsorption records were extracted; retain source metadata for traceability.,
10.1016/j.snb.2025.138967,A hyaluronidase detection platform combined with enzyme-responsive hydrogel and periodic magnetic-modulated electrochemical analysis system,Elsevier,partial,0,11,1,5,local_article_corpus/Elsevier/10.1016_j.snb.2025.138967/10.1016_j.snb.2025.138967.json,exclude_no_records,No adsorption records were extracted; retain source metadata for traceability.,
10.1016/j.susmat.2025.e01521,Stimuli-responsive composite coating based on dynamic metal-ligand interactions for sustainable marine antifouling,Elsevier,partial,0,13,0,5,local_article_corpus/Elsevier/10.1016_j.susmat.2025.e01521/10.1016_j.susmat.2025.e01521.json,exclude_no_records,No adsorption records were extracted; retain source metadata for traceability.,
10.1016/j.talanta.2024.127178,Structure-based design and screening of hydrogel copolymer/Fe3O4 composite microspheres for magnetic solid phase extraction of bisphenol A from aqueous samples,Elsevier,partial,0,14,3,2,local_article_corpus/Elsevier/10.1016_j.talanta.2024.127178/10.1016_j.talanta.2024.127178.json,exclude_no_records,No adsorption records were extracted; retain source metadata for traceability.,
10.1016/j.talanta.2025.128570,Separation-free cholesterol detection using an enzyme-doped hydrogel opto-microfluidic hybrid chip via colorimetry and light extinction spectroscopy,Elsevier,partial,0,8,3,4,local_article_corpus/Elsevier/10.1016_j.talanta.2025.128570/10.1016_j.talanta.2025.128570.json,exclude_no_records,No adsorption records were extracted; retain source metadata for traceability.,
10.1016/j.watres.2026.125540,"Detoxification mechanism of semi-coking wastewater by hydrogel-assisted SNAD process via iron‑mediated coordination adsorption: Performance, microbiota interaction, and molecular docking",Elsevier,partial,0,6,7,5,local_article_corpus/Elsevier/10.1016_j.watres.2026.125540/10.1016_j.watres.2026.125540.json,exclude_no_records,No adsorption records were extracted; retain source metadata for traceability.,
10.1021/acs.analchem.0c03865,Protein Sieving with Capillary Nanogel Electrophoresis,ACS,partial,0,7,6,3,local_article_corpus/ACS/10.1021_acs.analchem.0c03865/10.1021_acs.analchem.0c03865.json,exclude_no_records,No adsorption records were extracted; retain source metadata for traceability.,
10.1021/acs.analchem.1c00538,In Situ Gastric pH Imaging with Hydrogel Capsule Isolated Paramagnetic Metallo-albumin Complexes,ACS,partial,0,5,3,3,local_article_corpus/ACS/10.1021_acs.analchem.1c00538/10.1021_acs.analchem.1c00538.json,exclude_no_records,No adsorption records were extracted; retain source metadata for traceability.,
10.1021/acs.analchem.3c00892,Naked-Eye Readout Distance Quantitative Lateral Flow Assay Based on the Permeability Changes of Enzyme-Catalyzed Hydrogelation,ACS,partial,0,10,8,5,local_article_corpus/ACS/10.1021_acs.analchem.3c00892/10.1021_acs.analchem.3c00892.json,exclude_no_records,No adsorption records were extracted; retain source metadata for traceability.,
10.1021/acs.analchem.8b03725,Profiling the N-Glycan Composition of IgG with Lectins and Capillary Nanogel Electrophoresis,ACS,partial,0,9,6,3,local_article_corpus/ACS/10.1021_acs.analchem.8b03725/10.1021_acs.analchem.8b03725.json,exclude_no_records,No adsorption records were extracted; retain source metadata for traceability.,
10.1021/acs.biomac.5c00669,"Change in Viscoelasticity of the Hemoglobin-Introduced Supramolecular Polymer Hydrogel in Response to pH, Temperature, and Oxygen Partial Pressure",ACS,partial,0,9,5,3,local_article_corpus/ACS/10.1021_acs.biomac.5c00669/10.1021_acs.biomac.5c00669.json,exclude_no_records,No adsorption records were extracted; retain source metadata for traceability.,
10.1021/acs.biomac.9b01522,Mechanisms by Which Organic Solvent Exchange Transforms Responsive Pure Protein Hydrogels into Responsive Organogels,ACS,partial,0,6,2,4,local_article_corpus/ACS/10.1021_acs.biomac.9b01522/10.1021_acs.biomac.9b01522.json,exclude_no_records,No adsorption records were extracted; retain source metadata for traceability.,
10.1021/acs.jafc.2c03363,Purification of Egg White Lysozyme Determines the Downstream Fibrillation of Protein and Co-assembly with Phytochemicals to Form Edible Hydrogels Regulating the Lipid Metabolism,ACS,partial,0,6,2,2,local_article_corpus/ACS/10.1021_acs.jafc.2c03363/10.1021_acs.jafc.2c03363.json,exclude_no_records,No adsorption records were extracted; retain source metadata for traceability.,
10.1021/acs.langmuir.1c01638,Cryogel Monoliths for Analyte Enrichment by Capture and Release,ACS,partial,0,7,4,2,local_article_corpus/ACS/10.1021_acs.langmuir.1c01638/10.1021_acs.langmuir.1c01638.json,exclude_no_records,No adsorption records were extracted; retain source metadata for traceability.,
10.1021/acs.langmuir.4c04595,"A Paintable, Scalable, and Durable Zwitterionic Hydrogel Coating for Enhanced Marine Antifouling Applications",ACS,partial,0,10,0,3,local_article_corpus/ACS/10.1021_acs.langmuir.4c04595/10.1021_acs.langmuir.4c04595.json,exclude_no_records,No adsorption records were extracted; retain source metadata for traceability.,
10.1021/acs.langmuir.8b04071,Biofouling Control Using Nano Silicon Dioxide Reinforced Mixed-Charged Zwitterionic Hydrogel in Aquaculture Cage Nets,ACS,partial,0,9,2,3,local_article_corpus/ACS/10.1021_acs.langmuir.8b04071/10.1021_acs.langmuir.8b04071.json,exclude_no_records,No adsorption records were extracted; retain source metadata for traceability.,
10.1021/acs.langmuir.9b01420,Phase Separation in Supramolecular Hydrogels Based on Peptide Self-Assembly from Enzyme-Coated Nanoparticles,ACS,partial,0,8,1,3,local_article_corpus/ACS/10.1021_acs.langmuir.9b01420/10.1021_acs.langmuir.9b01420.json,exclude_no_records,No adsorption records were extracted; retain source metadata for traceability.,
10.1021/acsami.0c03007,Anti-Biofouling and Water-Stable Balanced Charged Metal Organic Framework-Based Polyelectrolyte Hydrogels for Extracting Uranium from Seawater,ACS,partial,0,11,0,2,local_article_corpus/ACS/10.1021_acsami.0c03007/10.1021_acsami.0c03007.json,exclude_no_records,No adsorption records were extracted; retain source metadata for traceability.,
10.1021/acsami.1c12307,Enzymatic Synthesis of Sialic Acids in Microfluidics to Overcome Cross-Inhibitions and Substrate Supply Limitations,ACS,partial,0,7,4,2,local_article_corpus/ACS/10.1021_acsami.1c12307/10.1021_acsami.1c12307.json,exclude_no_records,No adsorption records were extracted; retain source metadata for traceability.,
10.1021/acsami.1c12696,Transparent Janus Hydrogel Wet Adhesive for Underwater Self-Cleaning,ACS,partial,0,9,2,3,local_article_corpus/ACS/10.1021_acsami.1c12696/10.1021_acsami.1c12696.json,exclude_no_records,No adsorption records were extracted; retain source metadata for traceability.,
10.1021/acsami.3c17633,"DNA Hydrogels with Programmable Condensation, Expansion, and Degradation for Molecular Carriers",ACS,partial,0,10,7,4,local_article_corpus/ACS/10.1021_acsami.3c17633/10.1021_acsami.3c17633.json,exclude_no_records,No adsorption records were extracted; retain source metadata for traceability.,
10.1021/acsami.4c02574,Zwitterionic Hydrogel Coating with Antisediment Properties for Marine Antifouling Applications,ACS,partial,0,9,0,2,local_article_corpus/ACS/10.1021_acsami.4c02574/10.1021_acsami.4c02574.json,exclude_no_records,No adsorption records were extracted; retain source metadata for traceability.,
10.1021/acsami.4c18519,Lignin-Based Mucus-Mimicking Antiviral Hydrogels with Enzyme Stability and Tunable Porosity,ACS,partial,0,9,4,3,local_article_corpus/ACS/10.1021_acsami.4c18519/10.1021_acsami.4c18519.json,exclude_no_records,No adsorption records were extracted; retain source metadata for traceability.,
10.1021/acsami.5b02156,Programmed DNAzyme-Triggered Dissolution of DNA-Based Hydrogels: Means for Controlled Release of Biocatalysts and for the Activation of Enzyme Cascades,ACS,partial,0,9,3,4,local_article_corpus/ACS/10.1021_acsami.5b02156/10.1021_acsami.5b02156.json,exclude_no_records,No adsorption records were extracted; retain source metadata for traceability.,
10.1021/acsami.5c05228,Fabrication of Microgel-Functionalized Metal-Organic Framework Composite Polyurethane/Hydrogel Coatings with Enhanced Antifouling Performance,ACS,partial,0,13,1,4,local_article_corpus/ACS/10.1021_acsami.5c05228/10.1021_acsami.5c05228.json,exclude_no_records,No adsorption records were extracted; retain source metadata for traceability.,
10.1021/acsami.8b20027,"Porous, pH-Responsive, and Reusable Hydrogel Beads of Bovine Serum Albumin_Au Hybrid as Smart Nanofactories for the Removal of Organic and Inorganic Pollutants from Water: A Detailed Demonstration by Spectroscopy and Microscopy",ACS,partial,0,16,1,2,local_article_corpus/ACS/10.1021_acsami.8b20027/10.1021_acsami.8b20027.json,exclude_no_records,No adsorption records were extracted; retain source metadata for traceability.,
10.1021/acsanm.5c05531,Metal-Coordinated His-Tag Functionalization of Polymeric Nanogels for Therapeutic Applications,ACS,partial,0,10,5,2,local_article_corpus/ACS/10.1021_acsanm.5c05531/10.1021_acsanm.5c05531.json,exclude_no_records,No adsorption records were extracted; retain source metadata for traceability.,
10.1021/acsapm.2c00359,Multifunctional Magnetic Hydrogels Fabricated by Iron Oxide Nanoparticles Mediated Radical Polymerization,ACS,partial,0,8,1,2,local_article_corpus/ACS/10.1021_acsapm.2c00359/10.1021_acsapm.2c00359.json,exclude_no_records,No adsorption records were extracted; retain source metadata for traceability.,
10.1021/acsapm.3c02929,Hydrogen Bond-Dominated Hydrogel Copolymers for Selective Isolation and Purification of Microcystin-LR from Microcystis aeruginosa Lysate,ACS,partial,0,11,2,3,local_article_corpus/ACS/10.1021_acsapm.3c02929/10.1021_acsapm.3c02929.json,exclude_no_records,No adsorption records were extracted; retain source metadata for traceability.,
10.1021/acsapm.5c04233,Fabrication of Ionic Liquid-Functionalized Liquid Metal Composite Hydrogels for Enhanced Antifouling Performance,ACS,partial,0,10,0,3,local_article_corpus/ACS/10.1021_acsapm.5c04233/10.1021_acsapm.5c04233.json,exclude_no_records,No adsorption records were extracted; retain source metadata for traceability.,
10.1021/acsbiomaterials.7b00563,Supramolecular Hydrogel Inspired from DNA Structures Mimics Peroxidase Activity,ACS,partial,0,10,0,3,local_article_corpus/ACS/10.1021_acsbiomaterials.7b00563/10.1021_acsbiomaterials.7b00563.json,exclude_no_records,No adsorption records were extracted; retain source metadata for traceability.,
10.1021/acsbiomaterials.7b00718,Polymer Microneedle Mediated Local Aptamer Delivery for Blocking the Function of Vascular Endothelial Growth Factor,ACS,partial,0,8,2,4,local_article_corpus/ACS/10.1021_acsbiomaterials.7b00718/10.1021_acsbiomaterials.7b00718.json,exclude_no_records,No adsorption records were extracted; retain source metadata for traceability.,
10.1021/acscentsci.2c01245,Quick-Release Antifouling Hydrogels for Solar-Driven Water Purification,ACS,partial,0,12,0,1,local_article_corpus/ACS/10.1021_acscentsci.2c01245/10.1021_acscentsci.2c01245.json,exclude_no_records,No adsorption records were extracted; retain source metadata for traceability.,
10.1021/acsnano.1c00353,Control of Nanoscale In Situ Protein Unfolding Defines Network Architecture and Mechanics of Protein Hydrogels,ACS,partial,0,7,2,3,local_article_corpus/ACS/10.1021_acsnano.1c00353/10.1021_acsnano.1c00353.json,exclude_no_records,No adsorption records were extracted; retain source metadata for traceability.,
10.1021/acssensors.9b01928,Improved Measurement of Proteins Using a Solid-State Nanopore Coupled with a Hydrogel,ACS,partial,0,5,3,2,local_article_corpus/ACS/10.1021_acssensors.9b01928/10.1021_acssensors.9b01928.json,exclude_no_records,No adsorption records were extracted; retain source metadata for traceability.,
10.1021/acssuschemeng.6b01674,Diffusion-Controlled Simultaneous Sensing and Scavenging of Heavy Metal Ions in Water Using Atomically Precise Cluster-Cellulose Nanocrystal Composites,ACS,partial,0,8,1,3,local_article_corpus/ACS/10.1021_acssuschemeng.6b01674/10.1021_acssuschemeng.6b01674.json,exclude_no_records,No adsorption records were extracted; retain source metadata for traceability.,
10.1021/am9005435,Centrifugal Deposition of Microgels for the Rapid Assembly of Nonfouling Thin Films,ACS,partial,0,13,2,2,local_article_corpus/ACS/10.1021_am9005435/10.1021_am9005435.json,exclude_no_records,No adsorption records were extracted; retain source metadata for traceability.,
10.1021/bc000095u,Enzyme Conjugation to the Polysaccharide Chitosan:  Smart Biocatalysts and Biocatalytic Hydrogels,ACS,partial,0,9,1,3,local_article_corpus/ACS/10.1021_bc000095u/10.1021_bc000095u.json,exclude_no_records,No adsorption records were extracted; retain source metadata for traceability.,
10.1021/bp0700399,Monoclonal antibody production using a new supermacroporous cryogel bioreactor,ACS,partial,0,1,1,1,local_article_corpus/ACS/10.1021_bp0700399/10.1021_bp0700399.json,exclude_no_records,No adsorption records were extracted; retain source metadata for traceability.,
10.1021/cg401668z,Use of Cross-Linked Poly(ethylene glycol)-Based Hydrogels for Protein Crystallization,ACS,partial,0,10,3,4,local_article_corpus/ACS/10.1021_cg401668z/10.1021_cg401668z.json,exclude_no_records,No adsorption records were extracted; retain source metadata for traceability.,
10.1021/ic060755s,"fac-{Ru(CO)3}2+-Core Complexes and Design of Metal-Based Drugs. Synthesis, Structure, and Reactivity of Ru−Thiazole Derivative with Serum Proteins and Absorption−Release Studies with Acryloyl and Silica Hydrogels as Carriers in Physiological Media",ACS,partial,0,8,2,3,local_article_corpus/ACS/10.1021_ic060755s/10.1021_ic060755s.json,exclude_no_records,No adsorption records were extracted; retain source metadata for traceability.,
10.1021/ja029510e,Long Tethers Binding Redox Centers to Polymer Backbones Enhance Electron Transport in Enzyme ,ACS,partial,0,5,1,3,local_article_corpus/ACS/10.1021_ja029510e/10.1021_ja029510e.json,exclude_no_records,No adsorption records were extracted; retain source metadata for traceability.,
10.1021/ja900500j,MCM−Enzyme−Supramolecular Hydrogel Hybrid as a Fluorescence Sensing Material for Polyanions of Biological Significance,ACS,partial,0,13,3,2,local_article_corpus/ACS/10.1021_ja900500j/10.1021_ja900500j.json,exclude_no_records,No adsorption records were extracted; retain source metadata for traceability.,
10.1021/jp5060205,The Capture and Stabilization of Curcumin Using Hydrophobically Modified Polyacrylate Aggregates and Hydrogels,ACS,partial,0,10,1,2,local_article_corpus/ACS/10.1021_jp5060205/10.1021_jp5060205.json,exclude_no_records,No adsorption records were extracted; retain source metadata for traceability.,
10.1021/la050947k,Direct Electrochemistry and Electrocatalysis of Heme Proteins Entrapped in Agarose Hydrogel Films in Room-Temperature Ionic Liquids,ACS,partial,0,8,5,5,local_article_corpus/ACS/10.1021_la050947k/10.1021_la050947k.json,exclude_no_records,No adsorption records were extracted; retain source metadata for traceability.,
10.1021/la063419x,Stable Amphoteric Nanogels Made of Ovalbumin and Ovotransferrin via Self-Assembly,ACS,partial,0,6,2,2,local_article_corpus/ACS/10.1021_la063419x/10.1021_la063419x.json,exclude_no_records,No adsorption records were extracted; retain source metadata for traceability.,
10.1021/la401664y,"Soy Protein/Soy Polysaccharide Complex Nanogels: Folic Acid Loading, Protection, and Controlled Delivery",ACS,partial,0,6,5,3,local_article_corpus/ACS/10.1021_la401664y/10.1021_la401664y.json,exclude_no_records,No adsorption records were extracted; retain source metadata for traceability.,
10.1021/mp500067z,Spermidine Cross-Linked Hydrogels as a Controlled Release Biomimetic Approach for Cloxacillin,ACS,partial,0,5,2,3,local_article_corpus/ACS/10.1021_mp500067z/10.1021_mp500067z.json,exclude_no_records,No adsorption records were extracted; retain source metadata for traceability.,
10.1038/s43246-026-01144-7,Engineering enzymatically active spider silk materials from high-yield expression to IgG-cleaving hydrogels and fibers,Nature,partial,0,8,4,4,local_article_corpus/Nature/10.1038_s43246-026-01144-7/10.1038_s43246-026-01144-7.json,exclude_no_records,No adsorption records were extracted; retain source metadata for traceability.,
10.1038/srep41781,Obtaining spontaneously beating cardiomyocyte-like cells from adipose-derived stromal vascular fractions cultured on enzyme-crosslinked gelatin hydrogels,Nature,partial,0,7,6,2,local_article_corpus/Nature/10.1038_srep41781/10.1038_srep41781.json,exclude_no_records,No adsorption records were extracted; retain source metadata for traceability.,
10.1080/08927010109378470,Adhesion of the marine fouling diatom amphora coffeaeformis to non‐solid gel surfaces,TnF,partial,0,4,0,2,local_article_corpus/TnF/10.1080_08927010109378470/10.1080_08927010109378470.json,exclude_no_records,No adsorption records were extracted; retain source metadata for traceability.,
10.1080/08927010902730516,Antifouling activity of synthetic polymer gels against cyprids of the barnacle (Balanus amphitrite) in vitro,TnF,partial,0,12,0,2,local_article_corpus/TnF/10.1080_08927010902730516/10.1080_08927010902730516.json,exclude_no_records,No adsorption records were extracted; retain source metadata for traceability.,
10.1080/08927014.2019.1611790,Sediment challenge to promising ultra-low fouling hydrophilic surfaces in the marine environment,TnF,partial,0,11,0,2,local_article_corpus/TnF/10.1080_08927014.2019.1611790/10.1080_08927014.2019.1611790.json,exclude_no_records,No adsorption records were extracted; retain source metadata for traceability.,
10.1080/10601325.2017.1342519,Two-step polymerization approach for synthesis of macroporous surface ion-imprinted cryogels,TnF,partial,0,9,0,2,local_article_corpus/TnF/10.1080_10601325.2017.1342519/10.1080_10601325.2017.1342519.json,exclude_no_records,No adsorption records were extracted; retain source metadata for traceability.,
10.3390/agriculture14112081,The Role of Sodium Alginate Hydrogel in Maintaining Soil Homeostasis Exposed to Sulcotrione,MDPI,partial,0,9,7,2,local_article_corpus/MDPI/10.3390_agriculture14112081/10.3390_agriculture14112081.json,exclude_no_records,No adsorption records were extracted; retain source metadata for traceability.,
10.3390/biomedicines10020330,Gel-Forming of Self-Assembling Peptides Functionalized with Food Bioactive Motifs Modulate DPP-IV and ACE Inhibitory Activity in Human Intestinal Caco-2 Cells,MDPI,partial,0,7,4,5,local_article_corpus/MDPI/10.3390_biomedicines10020330/10.3390_biomedicines10020330.json,exclude_no_records,No adsorption records were extracted; retain source metadata for traceability.,
10.3390/bios12090714,Hyaluronic Acid Methacrylate Hydrogel-Modified Electrochemical Device for Adsorptive Removal of Lead(II),MDPI,partial,0,10,1,3,local_article_corpus/MDPI/10.3390_bios12090714/10.3390_bios12090714.json,exclude_no_records,No adsorption records were extracted; retain source metadata for traceability.,
10.3390/cosmetics9050106,Development of Enzyme-Based Cosmeceuticals: Studies on the Proteolytic Activity of Arthrospira platensis and Its Efficient Incorporation in a Hydrogel Formulation,MDPI,partial,0,14,4,3,local_article_corpus/MDPI/10.3390_cosmetics9050106/10.3390_cosmetics9050106.json,exclude_no_records,No adsorption records were extracted; retain source metadata for traceability.,
10.3390/cryst9050253,Protein Crystallization in Ionic-Liquid Hydrogel Composite Membranes,MDPI,partial,0,8,1,4,local_article_corpus/MDPI/10.3390_cryst9050253/10.3390_cryst9050253.json,exclude_no_records,No adsorption records were extracted; retain source metadata for traceability.,
10.3390/gels10090603,Anti-Biofouling Polyzwitterion-Poly(amidoxime) Composite Hydrogel for Highly Enhanced Uranium Extraction from Seawater,MDPI,partial,0,8,0,2,local_article_corpus/MDPI/10.3390_gels10090603/10.3390_gels10090603.json,exclude_no_records,No adsorption records were extracted; retain source metadata for traceability.,
10.3390/gels10120786,Self-Assembled Hydrogel Based on (Bio)polyelectrolyte Complex of Chitosan-Gelatin: Effect of Composition on Physicochemical Properties,MDPI,partial,0,9,2,2,local_article_corpus/MDPI/10.3390_gels10120786/10.3390_gels10120786.json,exclude_no_records,No adsorption records were extracted; retain source metadata for traceability.,
10.3390/gels11020118,Amidated and Aminated PMSSO-Hydrogels as a Promising Enzyme-Sensitive Vehicle for Antianemic Drugs,MDPI,partial,0,13,2,2,local_article_corpus/MDPI/10.3390_gels11020118/10.3390_gels11020118.json,exclude_no_records,No adsorption records were extracted; retain source metadata for traceability.,
10.3390/gels11060466,Antifouling Mussel-Inspired Hydrogel with Furanone-Loaded ZIF-8 for Quorum Sensing-Mediated Marine Antifouling,MDPI,partial,0,9,0,4,local_article_corpus/MDPI/10.3390_gels11060466/10.3390_gels11060466.json,exclude_no_records,No adsorption records were extracted; retain source metadata for traceability.,
10.3390/gels11080587,Novel Zwitterionic Hydrogels with High and Tunable Toughness for Anti-Fouling Application,MDPI,partial,0,8,0,3,local_article_corpus/MDPI/10.3390_gels11080587/10.3390_gels11080587.json,exclude_no_records,No adsorption records were extracted; retain source metadata for traceability.,
10.3390/gels8060367,Facile Fabrication of Transparent and Opaque Albumin Methacryloyl Gels with Highly Improved Mechanical Properties and Controlled Pore Structures,MDPI,partial,0,8,4,4,local_article_corpus/MDPI/10.3390_gels8060367/10.3390_gels8060367.json,exclude_no_records,No adsorption records were extracted; retain source metadata for traceability.,
10.3390/gels9010014,"Spectroscopic Characterization of the Binding and Release of Hydrophilic, Hydrophobic and Amphiphilic Molecules from Ovalbumin Supramolecular Hydrogels",MDPI,partial,0,10,3,3,local_article_corpus/MDPI/10.3390_gels9010014/10.3390_gels9010014.json,exclude_no_records,No adsorption records were extracted; retain source metadata for traceability.,
10.3390/gels9030175,Fibrillogenesis and Hydrogel Formation from Fibrinogen Induced by Calcium Salts,MDPI,partial,0,12,4,3,local_article_corpus/MDPI/10.3390_gels9030175/10.3390_gels9030175.json,exclude_no_records,No adsorption records were extracted; retain source metadata for traceability.,
10.3390/gels9110892,Thrombin-Free Fibrillogenesis and Gelation of Fibrinogen Triggered by Magnesium Sulfate,MDPI,partial,0,8,4,3,local_article_corpus/MDPI/10.3390_gels9110892/10.3390_gels9110892.json,exclude_no_records,No adsorption records were extracted; retain source metadata for traceability.,
10.3390/ijms222011118,BSA Hydrogel Beads Functionalized with a Specific Aptamer Library for Capturing Pseudomonas aeruginosa in Serum and Blood,MDPI,partial,0,7,3,2,local_article_corpus/MDPI/10.3390_ijms222011118/10.3390_ijms222011118.json,exclude_no_records,No adsorption records were extracted; retain source metadata for traceability.,
10.3390/ijms23137352,Macro- and Nanoscale Effect of Ethanol on Bovine Serum Albumin Gelation and Naproxen Release,MDPI,partial,0,6,2,2,local_article_corpus/MDPI/10.3390_ijms23137352/10.3390_ijms23137352.json,exclude_no_records,No adsorption records were extracted; retain source metadata for traceability.,
10.3390/ma9070582,Adsorption of Heavy Metals by Graphene Oxide/Cellulose Hydrogel Prepared from NaOH/Urea Aqueous Solution,MDPI,partial,0,9,0,1,local_article_corpus/MDPI/10.3390_ma9070582/10.3390_ma9070582.json,exclude_no_records,No adsorption records were extracted; retain source metadata for traceability.,
10.3390/mi10110783,Imine Reductase Based All-Enzyme Hydrogel with Intrinsic Cofactor Regeneration for Flow Biocatalysis,MDPI,partial,0,9,3,3,local_article_corpus/MDPI/10.3390_mi10110783/10.3390_mi10110783.json,exclude_no_records,No adsorption records were extracted; retain source metadata for traceability.,
10.3390/microorganisms9051102,Unveiling the Antifouling Performance of Different Marine Surfaces and Their Effect on the Development and Structure of Cyanobacterial Biofilms,MDPI,partial,0,8,0,2,local_article_corpus/MDPI/10.3390_microorganisms9051102/10.3390_microorganisms9051102.json,exclude_no_records,No adsorption records were extracted; retain source metadata for traceability.,
10.3390/molecules25081927,"The Effect of Ethanol on Gelation, Nanoscopic, and Macroscopic Properties of Serum Albumin Hydrogels",MDPI,partial,0,5,3,2,local_article_corpus/MDPI/10.3390_molecules25081927/10.3390_molecules25081927.json,exclude_no_records,No adsorption records were extracted; retain source metadata for traceability.,
10.3390/pharmaceutics13101661,Molecular-Level Release of Coumarin-3-Carboxylic Acid and Warfarin-Derivatives from BSA-Based Hydrogels,MDPI,partial,0,6,2,2,local_article_corpus/MDPI/10.3390_pharmaceutics13101661/10.3390_pharmaceutics13101661.json,exclude_no_records,No adsorption records were extracted; retain source metadata for traceability.,
10.3390/pharmaceutics14061174,The Release of a Highly Cytotoxic Paullone Bearing a TEMPO Free Radical from the HSA Hydrogel: An EPR Spectroscopic Characterization,MDPI,partial,0,5,2,2,local_article_corpus/MDPI/10.3390_pharmaceutics14061174/10.3390_pharmaceutics14061174.json,exclude_no_records,No adsorption records were extracted; retain source metadata for traceability.,
10.3390/polym13111793,Localized Enzyme-Assisted Self-Assembly in the Presence of Hyaluronic Acid for Hybrid Supramolecular Hydrogel Coating,MDPI,partial,0,8,1,4,local_article_corpus/MDPI/10.3390_polym13111793/10.3390_polym13111793.json,exclude_no_records,No adsorption records were extracted; retain source metadata for traceability.,
10.3390/polym15040964,Mechanical Properties of Protein-Based Hydrogels Derived from Binary Protein Mixtures-A Feasibility Study,MDPI,partial,0,9,4,3,local_article_corpus/MDPI/10.3390_polym15040964/10.3390_polym15040964.json,exclude_no_records,No adsorption records were extracted; retain source metadata for traceability.,
10.3390/polym15234611,Poly(Vinyl Alcohol)/Bovine Serum Albumin Hybrid Hydrogels with Tunable Mechanical Properties,MDPI,partial,0,4,1,2,local_article_corpus/MDPI/10.3390_polym15234611/10.3390_polym15234611.json,exclude_no_records,No adsorption records were extracted; retain source metadata for traceability.,
10.3390/polym18050633,"Glutaraldehyde-Crosslinked Bovine Serum Albumin Hydrogels for Efficient Cu2+, Ni2+, and Co2+ Removal from Water",MDPI,partial,0,10,1,3,local_article_corpus/MDPI/10.3390_polym18050633/10.3390_polym18050633.json,exclude_no_records,No adsorption records were extracted; retain source metadata for traceability.,
10.3390/pr9091674,Modelling and Control of Corticotropin Permeation from Hydrogels across a Natural Membrane in the Presence of Albumin,MDPI,partial,0,9,2,2,local_article_corpus/MDPI/10.3390_pr9091674/10.3390_pr9091674.json,exclude_no_records,No adsorption records were extracted; retain source metadata for traceability.,
10.3390/s20205886,Microfluidic Production of Autofluorescent BSA Hydrogel Microspheres and Their Sequential Trapping for Fluorescence-Based On-Chip Permanganate Sensing,MDPI,partial,0,17,1,5,local_article_corpus/MDPI/10.3390_s20205886/10.3390_s20205886.json,exclude_no_records,No adsorption records were extracted; retain source metadata for traceability.,
